{
  "version": 2,
  "builds": [
    {
      "src": "public/**",
      "use": "@vercel/static"
    }
  ],
  "routes": [
    {
      "src": "/(.*)",
      "dest": "/public/$1"
    }
  ],
  "headers": [
    {
      "source": "/(.*)",
      "headers": [
        {
          "key": "Cache-Control",
          "value": "public, max-age=0, must-revalidate"
        },
        {
          "key": "X-Content-Type-Options",
          "value": "nosniff"
        },
        {
          "key": "X-Frame-Options",
          "value": "DENY"
        },
        {
          "key": "X-XSS-Protection",
          "value": "1; mode=block"
        }
      ]
    },
    {
      "source": "/sw.js",
      "headers": [
        {
          "key": "Cache-Control",
          "value": "public, max-age=0, must-revalidate"
        },
        {
          "key": "Service-Worker-Allowed",
          "value": "/"
        }
      ]
    },
    {
      "source": "/(.*\\.(js|css|png|jpg|jpeg|svg|ico|json))",
      "headers": [
        {
          "key": "Cache-Control",
          "value": "public, max-age=31536000, immutable"
        }
      ]
    }
  ]
}